<?xml version="1.0" encoding="UTF-8" standalone="no"?>
<item>
    <name>Vase Right Piece</name>
    <description>The right half of a vase.</description>
    <events>
        <event>
            <trigger>Vase Left Piece</trigger>
            <type>removePlayerItem</type>
            <description>You successfully combined the two pieces together to construct a precious vase. I am proud of your deeds, and thus i have given you access to the treasury to the south. If you do not wish to keep the vase, select it in the choice box on the left, which contains all the items in your inventory, and press drop.</description>
            <item>Vase Left Piece</item>
        </event>
        <event>
            <trigger>Vase Left Piece</trigger>
            <type>removePlayerItem</type>
            <description/>
            <item>Vase Right Piece</item>
        </event>
        <event>
            <trigger>Vase Left Piece</trigger>
            <type>removeRoomItem</type>
            <description/>
            <item>Vase Left Piece</item>
        </event>
        <event>
            <trigger>Vase Left Piece</trigger>
            <type>removeRoomItem</type>
            <description/>
            <item>Vase Right Piece</item>
        </event>
        <event>
            <trigger>Vase Left Piece</trigger>
            <type>addExit</type>
            <description/>
            <destination>Treasury</destination>
            <direction>south</direction>
        </event>
        <event>
            <trigger>Vase Left Piece</trigger>
            <type>setDescription</type>
            <description>Go to the treasury to grab the key, then use it on the locked cage.</description>
            <room>Training Grounds</room>
        </event>
        <event>
            <trigger>Vase Left Piece</trigger>
            <type>addPlayerItem</type>
            <description/>
            <item>Precious Vase</item>
        </event>
    </events>
</item>
