<?xml version="1.0" encoding="UTF-8" standalone="no"?>
<room>
    <name>library</name>
    <description>The library is old and dusty. It’s filled with an endless amount of antique bookshelves, pantings and furniture. In the middel of the room is an old desk with a giant book. Next to the book lie a pair of glasses. The glasses are attached to a chain on the desk. They can’t be removed.</description>
    <inventory>
        <object>glasses</object>
    </inventory>
    <exits>
        <north>lab</north>
        <west>great hall</west>
    </exits>
</room>
