<?xml version="1.0" encoding="UTF-8" standalone="no"?>
<inspectableobject>
    <name>pot</name>
    <description>A totally nonsuspicious pot.</description>
    <events>
        <event>
            <type>addPlayerItem</type>
            <description>You fucking idiot, you broke the pot! But what is that? A silver key. Maybe you are not so stupid after all...</description>
            <item>silver key</item>
        </event>
        <event>
            <type>removeRoomItem</type>
            <description/>
            <item>pot</item>
        </event>
    </events>
</inspectableobject>
