<?xml version="1.0" encoding="UTF-8" standalone="no"?>
<item>
    <name>gold key</name>
    <description>The great hall is mighty big. There is a staircase to the upper floor, but it has been barricaded by lots of old furniture and statues. The main door can still not be opened, it is barricaded from the other side.</description>
    <events>
        <event>
            <trigger>gold lock</trigger>
            <type>removeRoomItem</type>
            <description>The gold lock opens with a big clank. The main door finally seems unlocked. Go for it, to freedom!</description>
            <item>gold lock</item>
        </event>
        <event>
            <trigger>gold lock</trigger>
            <type>addRoomItem</type>
            <description/>
            <item>barred door</item>
        </event>
        <event>
            <trigger>gold lock</trigger>
            <type>makeNoise</type>
            <description/>
            <weight>0.98</weight>
        </event>
        <event>
            <trigger>gold lock</trigger>
            <type>setDescription</type>
            <description>The great hall is mighty big. There is a staircase to the upper floor, but it has been barricaded by lots of old furniture and statues. The main door can still not be opened, it is barricaded from the other side.</description>
            <room>great hall</room>
        </event>
        <event>
            <trigger>gold lock</trigger>
            <type>addExit</type>
            <description/>
            <destination>garden</destination>
            <direction>north</direction>
        </event>
    </events>
</item>
