<?xml version="1.0" encoding="UTF-8" standalone="no"?>
<item>
    <name>planks</name>
    <description>The planks seem quite sturdy and dry.</description>
    <events>
        <event>
            <trigger>staircase</trigger>
            <type>addExit</type>
            <description>The staircase is repaired, and reaching the door up above to the north is now possible.</description>
            <destination>kitchen</destination>
            <direction>north</direction>
        </event>
        <event>
            <trigger>staircase</trigger>
            <type>setDescription</type>
            <description>The wine cellar smells strongly of wine and alcohol. Only addicted human beings could stand such an odor.</description>
            <room>wine cellar</room>
        </event>
        <event>
            <trigger>staircase</trigger>
            <type>removeRoomItem</type>
            <description/>
            <item>staircase</item>
        </event>
        <event>
            <trigger>staircase</trigger>
            <type>removePlayerItem</type>
            <description/>
            <item>planks</item>
        </event>
        <event>
            <trigger>staircase</trigger>
            <type>addRoomItem</type>
            <description/>
            <item>planks</item>
        </event>
        <event>
            <trigger>embers</trigger>
            <type>addPlayerItem</type>
            <description>You lit one of the planks and created a torch. The fireplace is now also lit. The light reveals a door to the west.</description>
            <item>torch</item>
        </event>
        <event>
            <trigger>embers</trigger>
            <type>removePlayerItem</type>
            <description/>
            <item>planks</item>
        </event>
        <event>
            <trigger>embers</trigger>
            <type>setDescription</type>
            <description>The kitchen is lit by the flames in the fireplace.</description>
            <room>kitchen</room>
        </event>
        <event>
            <trigger>embers</trigger>
            <type>removeRoomItem</type>
            <description/>
            <item>embers</item>
        </event>
        <event>
            <trigger>embers</trigger>
            <type>addExit</type>
            <description/>
            <destination>dining room</destination>
            <direction>west</direction>
        </event>
    </events>
</item>
