<?xml version="1.0" encoding="UTF-8" standalone="no"?>
<room>
    <name>great hall</name>
    <description>The great hall is mighty big. There is a staircase to the upper floor, but it has been barricaded by lots of old furniture and statues. The main door is locked tightly by numerous locks, the only reachable lock being a bronze lock.</description>
    <inventory>
        <item>dull knife</item>
        <item>silver key</item>
        <item>gold key</item>
        <item>bronze key</item>
        <object>bronze lock</object>
    </inventory>
    <exits>
        <east>library</east>
        <south>dining room</south>
        <west>art room</west>
    </exits>
</room>
