<?xml version="1.0" encoding="UTF-8" standalone="no"?>
<inspectableobject>
    <name>Deep Hole</name>
    <description>Looking into the hole reveals two hidden items - pieces if a precious vase that has broken apart. If one desires to acquire items from the world, take would be the perfect action. After an item has been added to your inventory, it can be used on other items or objects by selecting the item you wish to use in the choice box on the left, and the item you wish to use it on in the choice box on the right.</description>
    <events>
        <event>
            <type>addRoomItem</type>
            <description/>
            <item>Vase Left Piece</item>
        </event>
        <event>
            <type>addRoomItem</type>
            <description/>
            <item>Vase Right Piece</item>
        </event>
        <event>
            <type>setDescription</type>
            <description>Try picking up the two vase pieces. To do this, select a vase piece in the choice box on the right, as this contains all items in the current room, and press the take button. Then use them together by ___ </description>
            <room>Training Grounds</room>
        </event>
        <event>
            <type>removeRoomItem</type>
            <description/>
            <item>Deep Hole</item>
        </event>
    </events>
</inspectableobject>
